,Review,Rating,Sentiment
0,I expected better quality for the price; not worth it.,1,Positive
1,It cleans easily after outdoor adventures; a big plus for me.,5,Positive
2,Handles are uncomfortable and dig into my hands.,1,Negative
3,Lightweight and easy to carry during hikes and picnics.,5,Positive
4,The handles are sturdy and comfortable to hold.,5,Positive
5,The material feels flimsy and doesn't seem durable.,1,Neutral
6,The eco-friendly claim seems questionable; no certifications provided.,1,Negative
7,Great for carrying all my gear without feeling heavy.,5,Positive
8,Great for carrying all my gear without feeling heavy.,5,Positive
9,It's not as spacious as advertised; feels small.,1,Neutral
10,I appreciate the sustainable materials used; very thoughtful.,5,Positive
11,I love that it's eco-friendly; it feels good to support the environment!,5,Positive
12,It's not as spacious as advertised; feels small.,1,Neutral
13,Lightweight and easy to carry during hikes and picnics.,5,Positive
14,The design is bland and lacks personality.,1,Neutral
15,The stitching came undone after a week of use.,1,Neutral
16,The design is bland and lacks personality.,1,Neutral
17,Lightweight and easy to carry during hikes and picnics.,5,Positive
18,It's not as spacious as advertised; feels small.,1,Neutral
19,I expected better quality for the price; not worth it.,1,Positive
20,I expected better quality for the price; not worth it.,1,Positive
21,"Color fades after washing, which is a letdown.",1,Neutral
22,Handles are uncomfortable and dig into my hands.,1,Negative
23,Handles are uncomfortable and dig into my hands.,1,Negative
24,The design is simple yet stylish; I get compliments all the time.,5,Positive
25,The stitching came undone after a week of use.,1,Neutral
26,The stitching came undone after a week of use.,1,Neutral
27,The handles are sturdy and comfortable to hold.,5,Positive
28,The design is simple yet stylish; I get compliments all the time.,5,Positive
29,The stitching came undone after a week of use.,1,Neutral
30,The bag tore after just a few uses; very disappointing.,1,Negative
31,The stitching came undone after a week of use.,1,Neutral
32,"Color fades after washing, which is a letdown.",1,Neutral
33,The design is simple yet stylish; I get compliments all the time.,5,Positive
34,The handles are sturdy and comfortable to hold.,5,Positive
35,The bag tore after just a few uses; very disappointing.,1,Negative
36,The stitching came undone after a week of use.,1,Neutral
37,Durable material that holds up even on rough terrain.,5,Neutral
38,The color options are fantastic and match any outfit.,5,Positive
39,I love that it's eco-friendly; it feels good to support the environment!,5,Positive
40,Handles are uncomfortable and dig into my hands.,1,Negative
41,Lightweight and easy to carry during hikes and picnics.,5,Positive
42,The material feels flimsy and doesn't seem durable.,1,Neutral
43,The color options are fantastic and match any outfit.,5,Positive
44,Great for carrying all my gear without feeling heavy.,5,Positive
45,Great for carrying all my gear without feeling heavy.,5,Positive
46,The color options are fantastic and match any outfit.,5,Positive
47,I love that it's eco-friendly; it feels good to support the environment!,5,Positive
48,The design is bland and lacks personality.,1,Neutral
49,Durable material that holds up even on rough terrain.,5,Neutral
50,Great for carrying all my gear without feeling heavy.,5,Positive
51,Durable material that holds up even on rough terrain.,5,Neutral
52,The handles are sturdy and comfortable to hold.,5,Positive
53,"Color fades after washing, which is a letdown.",1,Neutral
54,The handles are sturdy and comfortable to hold.,5,Positive
55,The color options are fantastic and match any outfit.,5,Positive
56,The color options are fantastic and match any outfit.,5,Positive
57,It cleans easily after outdoor adventures; a big plus for me.,5,Positive
58,The tote is incredibly spacious and perfect for outdoor activities.,5,Positive
59,It cleans easily after outdoor adventures; a big plus for me.,5,Positive
60,The design is bland and lacks personality.,1,Neutral
61,The eco-friendly claim seems questionable; no certifications provided.,1,Negative
62,The stitching came undone after a week of use.,1,Neutral
63,The design is bland and lacks personality.,1,Neutral
64,The handles are sturdy and comfortable to hold.,5,Positive
65,I appreciate the sustainable materials used; very thoughtful.,5,Positive
66,Handles are uncomfortable and dig into my hands.,1,Negative
67,I love that it's eco-friendly; it feels good to support the environment!,5,Positive
68,The color options are fantastic and match any outfit.,5,Positive
69,The bag tore after just a few uses; very disappointing.,1,Negative
70,I expected better quality for the price; not worth it.,1,Positive
71,I expected better quality for the price; not worth it.,1,Positive
72,"Color fades after washing, which is a letdown.",1,Neutral
73,"Color fades after washing, which is a letdown.",1,Neutral
74,The stitching came undone after a week of use.,1,Neutral
75,It doesn't hold up well in wet conditions; water seeps through.,1,Negative
76,The bag tore after just a few uses; very disappointing.,1,Negative
77,The tote is incredibly spacious and perfect for outdoor activities.,5,Positive
78,The bag tore after just a few uses; very disappointing.,1,Negative
79,The eco-friendly claim seems questionable; no certifications provided.,1,Negative
80,Great for carrying all my gear without feeling heavy.,5,Positive
81,I love that it's eco-friendly; it feels good to support the environment!,5,Positive
82,The design is bland and lacks personality.,1,Neutral
83,Lightweight and easy to carry during hikes and picnics.,5,Positive
84,"Color fades after washing, which is a letdown.",1,Neutral
85,It cleans easily after outdoor adventures; a big plus for me.,5,Positive
86,Lightweight and easy to carry during hikes and picnics.,5,Positive
87,The stitching came undone after a week of use.,1,Neutral
88,The eco-friendly claim seems questionable; no certifications provided.,1,Negative
89,The bag tore after just a few uses; very disappointing.,1,Negative
90,The eco-friendly claim seems questionable; no certifications provided.,1,Negative
91,I expected better quality for the price; not worth it.,1,Positive
92,It doesn't hold up well in wet conditions; water seeps through.,1,Negative
93,The design is bland and lacks personality.,1,Neutral
94,The eco-friendly claim seems questionable; no certifications provided.,1,Negative
95,The eco-friendly claim seems questionable; no certifications provided.,1,Negative
96,The color options are fantastic and match any outfit.,5,Positive
97,The color options are fantastic and match any outfit.,5,Positive
98,The material feels flimsy and doesn't seem durable.,1,Neutral
99,I love that it's eco-friendly; it feels good to support the environment!,5,Positive
100,Durable material that holds up even on rough terrain.,5,Neutral
101,The eco-friendly claim seems questionable; no certifications provided.,1,Negative
102,The color options are fantastic and match any outfit.,5,Positive
103,The bag tore after just a few uses; very disappointing.,1,Negative
104,"Color fades after washing, which is a letdown.",1,Neutral
105,The color options are fantastic and match any outfit.,5,Positive
106,It doesn't hold up well in wet conditions; water seeps through.,1,Negative
107,Durable material that holds up even on rough terrain.,5,Neutral
108,The stitching came undone after a week of use.,1,Neutral
109,Durable material that holds up even on rough terrain.,5,Neutral
110,I love that it's eco-friendly; it feels good to support the environment!,5,Positive
111,"Color fades after washing, which is a letdown.",1,Neutral
112,Handles are uncomfortable and dig into my hands.,1,Negative
113,I appreciate the sustainable materials used; very thoughtful.,5,Positive
114,It's not as spacious as advertised; feels small.,1,Neutral
115,It doesn't hold up well in wet conditions; water seeps through.,1,Negative
116,It cleans easily after outdoor adventures; a big plus for me.,5,Positive
117,I appreciate the sustainable materials used; very thoughtful.,5,Positive
118,It cleans easily after outdoor adventures; a big plus for me.,5,Positive
119,The tote is incredibly spacious and perfect for outdoor activities.,5,Positive
120,I appreciate the sustainable materials used; very thoughtful.,5,Positive
121,It cleans easily after outdoor adventures; a big plus for me.,5,Positive
122,Handles are uncomfortable and dig into my hands.,1,Negative
123,The color options are fantastic and match any outfit.,5,Positive
124,The tote is incredibly spacious and perfect for outdoor activities.,5,Positive
125,It cleans easily after outdoor adventures; a big plus for me.,5,Positive
126,The eco-friendly claim seems questionable; no certifications provided.,1,Negative
127,Great for carrying all my gear without feeling heavy.,5,Positive
128,I love that it's eco-friendly; it feels good to support the environment!,5,Positive
129,The material feels flimsy and doesn't seem durable.,1,Neutral
130,I love that it's eco-friendly; it feels good to support the environment!,5,Positive
131,It cleans easily after outdoor adventures; a big plus for me.,5,Positive
132,It doesn't hold up well in wet conditions; water seeps through.,1,Negative
133,Handles are uncomfortable and dig into my hands.,1,Negative
134,The handles are sturdy and comfortable to hold.,5,Positive
135,Lightweight and easy to carry during hikes and picnics.,5,Positive
136,I appreciate the sustainable materials used; very thoughtful.,5,Positive
137,I appreciate the sustainable materials used; very thoughtful.,5,Positive
138,The handles are sturdy and comfortable to hold.,5,Positive
139,The bag tore after just a few uses; very disappointing.,1,Negative
140,The handles are sturdy and comfortable to hold.,5,Positive
141,I love that it's eco-friendly; it feels good to support the environment!,5,Positive
142,It doesn't hold up well in wet conditions; water seeps through.,1,Negative
143,The design is simple yet stylish; I get compliments all the time.,5,Positive
144,The eco-friendly claim seems questionable; no certifications provided.,1,Negative
145,It's not as spacious as advertised; feels small.,1,Neutral
146,I appreciate the sustainable materials used; very thoughtful.,5,Positive
147,The handles are sturdy and comfortable to hold.,5,Positive
148,The material feels flimsy and doesn't seem durable.,1,Neutral
149,Handles are uncomfortable and dig into my hands.,1,Negative
150,I love that it's eco-friendly; it feels good to support the environment!,5,Positive
151,I appreciate the sustainable materials used; very thoughtful.,5,Positive
152,Lightweight and easy to carry during hikes and picnics.,5,Positive
153,The tote is incredibly spacious and perfect for outdoor activities.,5,Positive
154,The eco-friendly claim seems questionable; no certifications provided.,1,Negative
155,"Color fades after washing, which is a letdown.",1,Neutral
156,The tote is incredibly spacious and perfect for outdoor activities.,5,Positive
157,Great for carrying all my gear without feeling heavy.,5,Positive
158,The eco-friendly claim seems questionable; no certifications provided.,1,Negative
159,I appreciate the sustainable materials used; very thoughtful.,5,Positive
160,The design is simple yet stylish; I get compliments all the time.,5,Positive
161,The eco-friendly claim seems questionable; no certifications provided.,1,Negative
162,It's not as spacious as advertised; feels small.,1,Neutral
163,I appreciate the sustainable materials used; very thoughtful.,5,Positive
164,It's not as spacious as advertised; feels small.,1,Neutral
165,Handles are uncomfortable and dig into my hands.,1,Negative
166,Lightweight and easy to carry during hikes and picnics.,5,Positive
167,Great for carrying all my gear without feeling heavy.,5,Positive
168,The bag tore after just a few uses; very disappointing.,1,Negative
169,The color options are fantastic and match any outfit.,5,Positive
170,The tote is incredibly spacious and perfect for outdoor activities.,5,Positive
171,The design is simple yet stylish; I get compliments all the time.,5,Positive
172,The material feels flimsy and doesn't seem durable.,1,Neutral
173,The tote is incredibly spacious and perfect for outdoor activities.,5,Positive
174,The tote is incredibly spacious and perfect for outdoor activities.,5,Positive
175,The design is simple yet stylish; I get compliments all the time.,5,Positive
176,The bag tore after just a few uses; very disappointing.,1,Negative
177,It cleans easily after outdoor adventures; a big plus for me.,5,Positive
178,The color options are fantastic and match any outfit.,5,Positive
179,I expected better quality for the price; not worth it.,1,Positive
180,The material feels flimsy and doesn't seem durable.,1,Neutral
181,I love that it's eco-friendly; it feels good to support the environment!,5,Positive
182,It's not as spacious as advertised; feels small.,1,Neutral
183,I expected better quality for the price; not worth it.,1,Positive
184,Handles are uncomfortable and dig into my hands.,1,Negative
185,I appreciate the sustainable materials used; very thoughtful.,5,Positive
186,I expected better quality for the price; not worth it.,1,Positive
187,Great for carrying all my gear without feeling heavy.,5,Positive
188,Lightweight and easy to carry during hikes and picnics.,5,Positive
189,Durable material that holds up even on rough terrain.,5,Neutral
190,"Color fades after washing, which is a letdown.",1,Neutral
191,It's not as spacious as advertised; feels small.,1,Neutral
192,The material feels flimsy and doesn't seem durable.,1,Neutral
193,"Color fades after washing, which is a letdown.",1,Neutral
194,It cleans easily after outdoor adventures; a big plus for me.,5,Positive
195,Lightweight and easy to carry during hikes and picnics.,5,Positive
196,The handles are sturdy and comfortable to hold.,5,Positive
197,The tote is incredibly spacious and perfect for outdoor activities.,5,Positive
198,It cleans easily after outdoor adventures; a big plus for me.,5,Positive
199,The design is bland and lacks personality.,1,Neutral
200,The material feels flimsy and doesn't seem durable.,1,Neutral
201,The design is simple yet stylish; I get compliments all the time.,5,Positive
202,I love that it's eco-friendly; it feels good to support the environment!,5,Positive
203,The design is simple yet stylish; I get compliments all the time.,5,Positive
204,Great for carrying all my gear without feeling heavy.,5,Positive
205,It cleans easily after outdoor adventures; a big plus for me.,5,Positive
206,The color options are fantastic and match any outfit.,5,Positive
207,Durable material that holds up even on rough terrain.,5,Neutral
208,The bag tore after just a few uses; very disappointing.,1,Negative
209,It doesn't hold up well in wet conditions; water seeps through.,1,Negative
210,It's not as spacious as advertised; feels small.,1,Neutral
211,The color options are fantastic and match any outfit.,5,Positive
212,The eco-friendly claim seems questionable; no certifications provided.,1,Negative
213,The design is bland and lacks personality.,1,Neutral
214,It doesn't hold up well in wet conditions; water seeps through.,1,Negative
215,"Color fades after washing, which is a letdown.",1,Neutral
216,It doesn't hold up well in wet conditions; water seeps through.,1,Negative
217,I appreciate the sustainable materials used; very thoughtful.,5,Positive
218,The bag tore after just a few uses; very disappointing.,1,Negative
219,Lightweight and easy to carry during hikes and picnics.,5,Positive
220,The stitching came undone after a week of use.,1,Neutral
221,The bag tore after just a few uses; very disappointing.,1,Negative
222,The tote is incredibly spacious and perfect for outdoor activities.,5,Positive
223,The handles are sturdy and comfortable to hold.,5,Positive
224,The design is simple yet stylish; I get compliments all the time.,5,Positive
225,The material feels flimsy and doesn't seem durable.,1,Neutral
226,I love that it's eco-friendly; it feels good to support the environment!,5,Positive
227,Handles are uncomfortable and dig into my hands.,1,Negative
228,The eco-friendly claim seems questionable; no certifications provided.,1,Negative
229,The handles are sturdy and comfortable to hold.,5,Positive
230,The tote is incredibly spacious and perfect for outdoor activities.,5,Positive
231,Durable material that holds up even on rough terrain.,5,Neutral
232,The material feels flimsy and doesn't seem durable.,1,Neutral
233,Durable material that holds up even on rough terrain.,5,Neutral
234,Handles are uncomfortable and dig into my hands.,1,Negative
235,It doesn't hold up well in wet conditions; water seeps through.,1,Negative
236,The design is bland and lacks personality.,1,Neutral
237,Lightweight and easy to carry during hikes and picnics.,5,Positive
238,The tote is incredibly spacious and perfect for outdoor activities.,5,Positive
239,It cleans easily after outdoor adventures; a big plus for me.,5,Positive
240,I expected better quality for the price; not worth it.,1,Positive
241,It cleans easily after outdoor adventures; a big plus for me.,5,Positive
242,"Color fades after washing, which is a letdown.",1,Neutral
243,The design is simple yet stylish; I get compliments all the time.,5,Positive
244,"Color fades after washing, which is a letdown.",1,Neutral
245,The design is simple yet stylish; I get compliments all the time.,5,Positive
246,It cleans easily after outdoor adventures; a big plus for me.,5,Positive
247,Durable material that holds up even on rough terrain.,5,Neutral
248,It doesn't hold up well in wet conditions; water seeps through.,1,Negative
249,The color options are fantastic and match any outfit.,5,Positive
250,Handles are uncomfortable and dig into my hands.,1,Negative
251,The eco-friendly claim seems questionable; no certifications provided.,1,Negative
252,The eco-friendly claim seems questionable; no certifications provided.,1,Negative
253,I love that it's eco-friendly; it feels good to support the environment!,5,Positive
254,The design is bland and lacks personality.,1,Neutral
255,The bag tore after just a few uses; very disappointing.,1,Negative
256,Great for carrying all my gear without feeling heavy.,5,Positive
257,The material feels flimsy and doesn't seem durable.,1,Neutral
258,Durable material that holds up even on rough terrain.,5,Neutral
259,The bag tore after just a few uses; very disappointing.,1,Negative
260,It doesn't hold up well in wet conditions; water seeps through.,1,Negative
261,Lightweight and easy to carry during hikes and picnics.,5,Positive
262,The stitching came undone after a week of use.,1,Neutral
263,The color options are fantastic and match any outfit.,5,Positive
264,The tote is incredibly spacious and perfect for outdoor activities.,5,Positive
265,It cleans easily after outdoor adventures; a big plus for me.,5,Positive
266,The material feels flimsy and doesn't seem durable.,1,Neutral
267,Lightweight and easy to carry during hikes and picnics.,5,Positive
268,Handles are uncomfortable and dig into my hands.,1,Negative
269,Lightweight and easy to carry during hikes and picnics.,5,Positive
270,The handles are sturdy and comfortable to hold.,5,Positive
271,Durable material that holds up even on rough terrain.,5,Neutral
272,The handles are sturdy and comfortable to hold.,5,Positive
273,The material feels flimsy and doesn't seem durable.,1,Neutral
274,Handles are uncomfortable and dig into my hands.,1,Negative
275,The eco-friendly claim seems questionable; no certifications provided.,1,Negative
276,It doesn't hold up well in wet conditions; water seeps through.,1,Negative
277,The eco-friendly claim seems questionable; no certifications provided.,1,Negative
278,The design is bland and lacks personality.,1,Neutral
279,The handles are sturdy and comfortable to hold.,5,Positive
280,The eco-friendly claim seems questionable; no certifications provided.,1,Negative
281,I love that it's eco-friendly; it feels good to support the environment!,5,Positive
282,The material feels flimsy and doesn't seem durable.,1,Neutral
283,The handles are sturdy and comfortable to hold.,5,Positive
284,I love that it's eco-friendly; it feels good to support the environment!,5,Positive
285,The design is bland and lacks personality.,1,Neutral
286,It doesn't hold up well in wet conditions; water seeps through.,1,Negative
287,It doesn't hold up well in wet conditions; water seeps through.,1,Negative
288,It's not as spacious as advertised; feels small.,1,Neutral
289,I expected better quality for the price; not worth it.,1,Positive
290,It doesn't hold up well in wet conditions; water seeps through.,1,Negative
291,Handles are uncomfortable and dig into my hands.,1,Negative
292,It doesn't hold up well in wet conditions; water seeps through.,1,Negative
293,The material feels flimsy and doesn't seem durable.,1,Neutral
294,The design is simple yet stylish; I get compliments all the time.,5,Positive
295,Lightweight and easy to carry during hikes and picnics.,5,Positive
296,The bag tore after just a few uses; very disappointing.,1,Negative
297,The stitching came undone after a week of use.,1,Neutral
298,The stitching came undone after a week of use.,1,Neutral
299,The design is bland and lacks personality.,1,Neutral
300,The design is bland and lacks personality.,1,Neutral
301,The design is simple yet stylish; I get compliments all the time.,5,Positive
302,I expected better quality for the price; not worth it.,1,Positive
303,Lightweight and easy to carry during hikes and picnics.,5,Positive
304,Great for carrying all my gear without feeling heavy.,5,Positive
305,Great for carrying all my gear without feeling heavy.,5,Positive
306,The bag tore after just a few uses; very disappointing.,1,Negative
307,It cleans easily after outdoor adventures; a big plus for me.,5,Positive
308,Durable material that holds up even on rough terrain.,5,Neutral
309,The color options are fantastic and match any outfit.,5,Positive
310,Handles are uncomfortable and dig into my hands.,1,Negative
311,It cleans easily after outdoor adventures; a big plus for me.,5,Positive
312,"Color fades after washing, which is a letdown.",1,Neutral
313,Handles are uncomfortable and dig into my hands.,1,Negative
314,It cleans easily after outdoor adventures; a big plus for me.,5,Positive
315,Handles are uncomfortable and dig into my hands.,1,Negative
316,It's not as spacious as advertised; feels small.,1,Neutral
317,Durable material that holds up even on rough terrain.,5,Neutral
318,The eco-friendly claim seems questionable; no certifications provided.,1,Negative
319,It's not as spacious as advertised; feels small.,1,Neutral
320,The handles are sturdy and comfortable to hold.,5,Positive
321,"Color fades after washing, which is a letdown.",1,Neutral
322,The tote is incredibly spacious and perfect for outdoor activities.,5,Positive
323,I expected better quality for the price; not worth it.,1,Positive
324,Lightweight and easy to carry during hikes and picnics.,5,Positive
325,"Color fades after washing, which is a letdown.",1,Neutral
326,Great for carrying all my gear without feeling heavy.,5,Positive
327,The tote is incredibly spacious and perfect for outdoor activities.,5,Positive
328,I love that it's eco-friendly; it feels good to support the environment!,5,Positive
329,The eco-friendly claim seems questionable; no certifications provided.,1,Negative
330,I love that it's eco-friendly; it feels good to support the environment!,5,Positive
331,I love that it's eco-friendly; it feels good to support the environment!,5,Positive
332,The tote is incredibly spacious and perfect for outdoor activities.,5,Positive
333,I appreciate the sustainable materials used; very thoughtful.,5,Positive
334,The handles are sturdy and comfortable to hold.,5,Positive
335,It cleans easily after outdoor adventures; a big plus for me.,5,Positive
336,The eco-friendly claim seems questionable; no certifications provided.,1,Negative
337,The stitching came undone after a week of use.,1,Neutral
338,The tote is incredibly spacious and perfect for outdoor activities.,5,Positive
339,It cleans easily after outdoor adventures; a big plus for me.,5,Positive
340,The handles are sturdy and comfortable to hold.,5,Positive
341,Durable material that holds up even on rough terrain.,5,Neutral
342,The design is bland and lacks personality.,1,Neutral
343,The stitching came undone after a week of use.,1,Neutral
344,The color options are fantastic and match any outfit.,5,Positive
345,The design is simple yet stylish; I get compliments all the time.,5,Positive
346,The material feels flimsy and doesn't seem durable.,1,Neutral
347,The design is bland and lacks personality.,1,Neutral
348,The color options are fantastic and match any outfit.,5,Positive
349,It doesn't hold up well in wet conditions; water seeps through.,1,Negative
350,The material feels flimsy and doesn't seem durable.,1,Neutral
351,The material feels flimsy and doesn't seem durable.,1,Neutral
352,The design is simple yet stylish; I get compliments all the time.,5,Positive
353,The stitching came undone after a week of use.,1,Neutral
354,It doesn't hold up well in wet conditions; water seeps through.,1,Negative
355,The handles are sturdy and comfortable to hold.,5,Positive
356,The tote is incredibly spacious and perfect for outdoor activities.,5,Positive
357,The bag tore after just a few uses; very disappointing.,1,Negative
358,The handles are sturdy and comfortable to hold.,5,Positive
359,Great for carrying all my gear without feeling heavy.,5,Positive
360,The handles are sturdy and comfortable to hold.,5,Positive
361,The stitching came undone after a week of use.,1,Neutral
362,Lightweight and easy to carry during hikes and picnics.,5,Positive
363,Durable material that holds up even on rough terrain.,5,Neutral
364,Durable material that holds up even on rough terrain.,5,Neutral
365,Durable material that holds up even on rough terrain.,5,Neutral
366,The bag tore after just a few uses; very disappointing.,1,Negative
367,The design is bland and lacks personality.,1,Neutral
368,I appreciate the sustainable materials used; very thoughtful.,5,Positive
369,The eco-friendly claim seems questionable; no certifications provided.,1,Negative
370,I appreciate the sustainable materials used; very thoughtful.,5,Positive
371,The material feels flimsy and doesn't seem durable.,1,Neutral
372,The handles are sturdy and comfortable to hold.,5,Positive
373,The material feels flimsy and doesn't seem durable.,1,Neutral
374,It's not as spacious as advertised; feels small.,1,Neutral
375,The design is simple yet stylish; I get compliments all the time.,5,Positive
376,The eco-friendly claim seems questionable; no certifications provided.,1,Negative
377,It cleans easily after outdoor adventures; a big plus for me.,5,Positive
378,I love that it's eco-friendly; it feels good to support the environment!,5,Positive
379,The handles are sturdy and comfortable to hold.,5,Positive
380,The tote is incredibly spacious and perfect for outdoor activities.,5,Positive
381,The design is bland and lacks personality.,1,Neutral
382,It cleans easily after outdoor adventures; a big plus for me.,5,Positive
383,I expected better quality for the price; not worth it.,1,Positive
384,Handles are uncomfortable and dig into my hands.,1,Negative
385,I appreciate the sustainable materials used; very thoughtful.,5,Positive
386,The material feels flimsy and doesn't seem durable.,1,Neutral
387,The color options are fantastic and match any outfit.,5,Positive
388,The design is simple yet stylish; I get compliments all the time.,5,Positive
389,Lightweight and easy to carry during hikes and picnics.,5,Positive
390,The bag tore after just a few uses; very disappointing.,1,Negative
391,It doesn't hold up well in wet conditions; water seeps through.,1,Negative
392,The design is bland and lacks personality.,1,Neutral
393,Lightweight and easy to carry during hikes and picnics.,5,Positive
394,It doesn't hold up well in wet conditions; water seeps through.,1,Negative
395,The material feels flimsy and doesn't seem durable.,1,Neutral
396,It doesn't hold up well in wet conditions; water seeps through.,1,Negative
397,The stitching came undone after a week of use.,1,Neutral
398,It cleans easily after outdoor adventures; a big plus for me.,5,Positive
399,The color options are fantastic and match any outfit.,5,Positive
400,The design is simple yet stylish; I get compliments all the time.,5,Positive
401,The bag tore after just a few uses; very disappointing.,1,Negative
402,The bag tore after just a few uses; very disappointing.,1,Negative
403,Handles are uncomfortable and dig into my hands.,1,Negative
404,I expected better quality for the price; not worth it.,1,Positive
405,Handles are uncomfortable and dig into my hands.,1,Negative
406,"Color fades after washing, which is a letdown.",1,Neutral
407,The material feels flimsy and doesn't seem durable.,1,Neutral
408,Handles are uncomfortable and dig into my hands.,1,Negative
409,The handles are sturdy and comfortable to hold.,5,Positive
410,It cleans easily after outdoor adventures; a big plus for me.,5,Positive
411,The handles are sturdy and comfortable to hold.,5,Positive
412,Durable material that holds up even on rough terrain.,5,Neutral
413,It's not as spacious as advertised; feels small.,1,Neutral
414,The tote is incredibly spacious and perfect for outdoor activities.,5,Positive
415,It doesn't hold up well in wet conditions; water seeps through.,1,Negative
416,"Color fades after washing, which is a letdown.",1,Neutral
417,The handles are sturdy and comfortable to hold.,5,Positive
418,I appreciate the sustainable materials used; very thoughtful.,5,Positive
419,It doesn't hold up well in wet conditions; water seeps through.,1,Negative
420,The handles are sturdy and comfortable to hold.,5,Positive
421,Handles are uncomfortable and dig into my hands.,1,Negative
422,It's not as spacious as advertised; feels small.,1,Neutral
423,I appreciate the sustainable materials used; very thoughtful.,5,Positive
424,The stitching came undone after a week of use.,1,Neutral
425,The design is simple yet stylish; I get compliments all the time.,5,Positive
426,The design is simple yet stylish; I get compliments all the time.,5,Positive
427,The color options are fantastic and match any outfit.,5,Positive
428,It's not as spacious as advertised; feels small.,1,Neutral
429,The bag tore after just a few uses; very disappointing.,1,Negative
430,The bag tore after just a few uses; very disappointing.,1,Negative
431,Durable material that holds up even on rough terrain.,5,Neutral
432,It's not as spacious as advertised; feels small.,1,Neutral
433,It doesn't hold up well in wet conditions; water seeps through.,1,Negative
434,Lightweight and easy to carry during hikes and picnics.,5,Positive
435,The bag tore after just a few uses; very disappointing.,1,Negative
436,"Color fades after washing, which is a letdown.",1,Neutral
437,The design is simple yet stylish; I get compliments all the time.,5,Positive
438,It cleans easily after outdoor adventures; a big plus for me.,5,Positive
439,The design is bland and lacks personality.,1,Neutral
440,Great for carrying all my gear without feeling heavy.,5,Positive
441,I expected better quality for the price; not worth it.,1,Positive
442,The bag tore after just a few uses; very disappointing.,1,Negative
443,The handles are sturdy and comfortable to hold.,5,Positive
444,The stitching came undone after a week of use.,1,Neutral
445,"Color fades after washing, which is a letdown.",1,Neutral
446,Great for carrying all my gear without feeling heavy.,5,Positive
447,The bag tore after just a few uses; very disappointing.,1,Negative
448,Handles are uncomfortable and dig into my hands.,1,Negative
449,The design is bland and lacks personality.,1,Neutral
450,Lightweight and easy to carry during hikes and picnics.,5,Positive
451,The design is simple yet stylish; I get compliments all the time.,5,Positive
452,The material feels flimsy and doesn't seem durable.,1,Neutral
453,Great for carrying all my gear without feeling heavy.,5,Positive
454,The eco-friendly claim seems questionable; no certifications provided.,1,Negative
455,The handles are sturdy and comfortable to hold.,5,Positive
456,Handles are uncomfortable and dig into my hands.,1,Negative
457,Lightweight and easy to carry during hikes and picnics.,5,Positive
458,The bag tore after just a few uses; very disappointing.,1,Negative
459,The design is simple yet stylish; I get compliments all the time.,5,Positive
460,I love that it's eco-friendly; it feels good to support the environment!,5,Positive
461,Great for carrying all my gear without feeling heavy.,5,Positive
462,The handles are sturdy and comfortable to hold.,5,Positive
463,The eco-friendly claim seems questionable; no certifications provided.,1,Negative
464,It cleans easily after outdoor adventures; a big plus for me.,5,Positive
465,The material feels flimsy and doesn't seem durable.,1,Neutral
466,It cleans easily after outdoor adventures; a big plus for me.,5,Positive
467,It doesn't hold up well in wet conditions; water seeps through.,1,Negative
468,"Color fades after washing, which is a letdown.",1,Neutral
469,Durable material that holds up even on rough terrain.,5,Neutral
470,I expected better quality for the price; not worth it.,1,Positive
471,I expected better quality for the price; not worth it.,1,Positive
472,The design is simple yet stylish; I get compliments all the time.,5,Positive
473,The stitching came undone after a week of use.,1,Neutral
474,Handles are uncomfortable and dig into my hands.,1,Negative
475,Handles are uncomfortable and dig into my hands.,1,Negative
476,The eco-friendly claim seems questionable; no certifications provided.,1,Negative
477,It doesn't hold up well in wet conditions; water seeps through.,1,Negative
478,The eco-friendly claim seems questionable; no certifications provided.,1,Negative
479,Lightweight and easy to carry during hikes and picnics.,5,Positive
480,Great for carrying all my gear without feeling heavy.,5,Positive
481,The tote is incredibly spacious and perfect for outdoor activities.,5,Positive
482,I expected better quality for the price; not worth it.,1,Positive
483,Great for carrying all my gear without feeling heavy.,5,Positive
484,The stitching came undone after a week of use.,1,Neutral
485,I love that it's eco-friendly; it feels good to support the environment!,5,Positive
486,Handles are uncomfortable and dig into my hands.,1,Negative
487,It's not as spacious as advertised; feels small.,1,Neutral
488,The handles are sturdy and comfortable to hold.,5,Positive
489,The eco-friendly claim seems questionable; no certifications provided.,1,Negative
490,The color options are fantastic and match any outfit.,5,Positive
491,It's not as spacious as advertised; feels small.,1,Neutral
492,I love that it's eco-friendly; it feels good to support the environment!,5,Positive
493,It cleans easily after outdoor adventures; a big plus for me.,5,Positive
494,Great for carrying all my gear without feeling heavy.,5,Positive
495,I appreciate the sustainable materials used; very thoughtful.,5,Positive
496,The eco-friendly claim seems questionable; no certifications provided.,1,Negative
497,The eco-friendly claim seems questionable; no certifications provided.,1,Negative
498,The eco-friendly claim seems questionable; no certifications provided.,1,Negative
499,Great for carrying all my gear without feeling heavy.,5,Positive
